AatII,GACGTC,,,
Acc65I,GGTACC,,,
AccI,GTAGAC,GTCGAC,GTATAC,GTATAC
AclI,AACGTT,,,
AfeI,AGCGCT,,,
AflII,CTTAAG,,,
AgeI,ACCGGT,,,
ApaI,GGGCCC,,,
ApaLI,GTGCAC,,,
ApoI,AAATTT,GAATTC,AAATTC,GAATTT
AscI,GGCGCGCC,,,
AseI,ATTAAT,,,
AsiSI,GCGATCGC,,,
AvrII,CCTAGG,,,
BamHI,GGATCC,,,
BclI,TGATCA,,,
BglII,AGATCT,,,
Bme1580I,GGGCAC,GTGCAC,GGGCCC,GTGCCC
BmtI,GCTAGC,,,
BsaHI,GACGCC,GACGTC,GGCGCC,GGCGTC
BsiEI,CGGCCG,GGCGTC,CGACCG,GACGTC
BsiWI,CGTACG,,,
BspEI,TCCGGA,,,
BspHI,TCATGA,,,
BsrGI,TGTACA,,,
BssHII,GCGCGC,,,
BstBI,TTCGAA,,,
BstZ17I,GTATAC,,,
BtgI,CCGCGG,CCGTGG,CCACGG,CCATGG
ClaI,ATCGAT,,,
DraI,TTTAAA,,,
EaeI,TGGCCA,TGGCCG,CGGCCA,CGGCCG
EagI,CGGCCG,,,
EcoRI,GAATTC,,,
EcoRV,GATATC,,,
FseI,GGCCGGCC,,,
FspI,TGCGCA,,,
HaeII,AGCGCC,AGCGCT,GGCGCC,GGCGCT
HincII,GTCAAC,GTCGAC,GTTAAC,GTTGAC
HindIII,AAGCTT,,,
HpaI,GTTAAC,,,
KasI,GGCGCC,,,
KpnI,GGTACC,,,
MfeI,CAATTG,,,
MluI,ACGCGT,,,
MscI,TGGCCA,,,
MspA1I,CAGCGG,CAGCTG,CCGCGG,CCGCTG
MfeI,CAATTG,,,
MluI,ACGCGT,,,
MscI,TGGCCA,,,
MspA1I,CAGCGG,CAGCTG,CCGCGG,CCGCTG
NaeI,GCCGGC,,,
NarI,GGCGCC,,,
NcoI,CCATGG,,,
NdeI,CATATG,,,
NgoMIV,GCCGGC,,,
NheI,GCTAGC,,,
NotI,GCGGCCGC,,,
NruI,TCGCGA,,,
NsiI,ATGCAT,,,
NspI,ACATGC,ACATGT,GCATGC,GCATGT
PacI,TTAATTAA,,,
PciI,ACATGT,,,
PmeI,GTTTAAAC,,,
PmlI,CACGTG,,,
PsiI,TTATAA,,,
PspOMI,GGGCCC,,,
PstI,CTGCAG,,,
PvuI,CGATCG,,,
PvuII,CAGCTG,,,
SacI,GAGCTC,,,
SacII,CCGCGG,,,
SalI,GTCGAC,,,
SbfI,CCTGCAGG,,,
ScaI,AGTACT,,,
SfcI,CTACAG,CTATAG,CTGCAG,CTGTAG
SfoI,GGCGCC,,,
SgrAI,CACCGGCG,CACCGGTG,CGCCGGCG,CGCCGGTG
SmaI,CCCGGG,,,
SmlI,CTCAAG,CTCGAG,CTTAAG,CTTGAG
SnaBI,TACGTA,,,
SpeI,ACTAGT,,,
SphI,GCATGC,,,
SspI,AATATT,,,
StuI,AGGCCT,,,
SwaI,ATTTAAAT,,,
XbaI,TCTAGA,,,
XhoI,CTCGAG,,,
XmaI,CCCGGG,,,
